Table_3,303402662C2346104CE5AFDB,0
Table_3,3034360DA03EFE0BA43B7440,0
Table_3,30343623EC5D30904CE5A207,0
Table_3,303424DEFC561C4BA43B7500,0
Table_3,3034032F485C6F0BA43B7565,0
Table_3,303402662C2346104CE5B812,0
Table_3,3034026620306ACBA43B7428,0
Table_3,3034026620306B0BA43B746E,0
Table_3,3034026620306C0BA43B7499,0
Table_3,30343639F826FB40000F44E5,0
Table_3,303402662C1A42C0000B9BD1,0
Table_3,3034026620306BCBA43B7456,0
Table_3,303402662030AC4BA43B74C0,0
Table_3,E28011606000020497BBA0B9,0
Table_3,6.67E+23,0
Table_3,3034026620306BCBA43B7439,0
Table_3,303402662C1A4300000B9BBC,0
Table_3,E28011606000020497BBA0BC,0
Table_3,30340266203655904CE5A5AD,0
Table_3,3034360DA03EF48BA43B7478,0
Table_3,30343639F826FAC0000F5682,0
Table_3,3034026620309F4BA43B74C4,0
Table_3,30343639F826FB80000F44EB,0
Table_3,303402662030AA0BA43B7475,0
Table_3,3034360DA016D44BA43B74D0,0
Table_3,303424DEFC56194BA43B76C5,0
Table_3,3034032F485C538BA43B741F,0
Table_4,3034360DA0465E904CE5A867,0
Table_4,3034360DA04660D04CE5A57C,0
Table_4,3034360DA04661D04CE5A679,0
Table_4,3034360DA04661504CE5A5F3,0
Table_4,3034360DA04660D04CE620FA,0
Table_4,3034360DA04662D04CE59EF0,0
Table_4,3034360DA03F24104CE59EF4,0
Table_4,3034360DA03F26104CE59EFF,0
Table_4,3034360DA03F26104CE59F00,0
Table_4,303402662C019E104CE5A872,0
Table_4,3034032F4419D1904CE62AA1,0
Table_4,3034032F403BB1D04CE6642C,0
Table_4,3034032F4419D1D04CE62A9E,0
Table_4,3034032F4419D1D04CE62AE9,0
Table_4,3034032F4419D2504CE62A9F,0
Table_4,3034032F402D3E52A0F7AF88,0
Table_4,3034032F4419A7104CE63139,0
Table_4,30343639F80A9C52A0F5088D,0
Table_4,30343639F80A9C52A0F604CB,0
Table_4,30343639F80A9C52A0F35E3F,0
Table_4,30343639F80806C0000F4589,0
Table_4,30343623EC5EEAD04CE5EE90,0
Table_4,3034032F4419A2104CE5BEDC,0
Table_4,3034361D284B91504CE5DA84,0
Table_4,30343639F81657D04CE5C176,0
Table_4,30343623EC5EDF104CE573D9,0
Table_4,30343639F81657504CE573ED,0
Table_4,30343639F81657D04CE570BB,0
Table_4,30343639F81657504CE574E5,0
Table_4,30343623EC5EDF104CE56A62,0
Table_4,30343639F81657104CE57406,0
Table_4,3034360DA04661504CE5A5F1,0
Table_4,3034360DA0465E904CE5A57B,0
Table_4,3034360DA04660D04CE5A57D,0
Table_4,3034360DA04661504CE5A869,0
Table_4,3034360DA04661504CE5A57E,0
Table_4,30343639F80A9C92A0F35E18,0
Table_4,3034360DA04662504CE5A86B,0
Table_4,3034360DA04662504CE5A5F6,0
Table_4,3034360DA04662504CE5A581,0
Table_4,3034360DA04660D04CE611AC,0
Table_4,3034360DA04661D04CE5A5F4,0
Table_4,30361E43B02CF040000186B0,0
Table_4,30343639F8047FC0000B993B,0
Table_4,30343639F8047E40000B9956,0
Table_4,30343639F80601C0000F4C9B,0
Table_4,3034032F44183580000B98D0,0
Table_4,30343639F8049452A0F4EAD9,0
Table_4,30343639F80495000007A9F2,0
Table_4,30343639F8049412A0E6D87F,0
Table_4,3034032F44183700000B9D96,0
Table_4,3034032F4419AE504CE5DA7C,0
Table_4,30343623EC5EEAD04CE5EE8F,0
Table_6,3034032F4854C5CBA43B7499,6
Table_6,303436479C247CD4F4B75037,6
Table_6,303436479C247DD4F4B7508C,6
Table_6,30343639F80E410BA43B7410,6
Table_6,30343639F81A80400000084B,6
Table_6,303402662C1A4300000B9BBC,6
Table_6,3034032F3C4047CBA43B74BD,6
Table_6,303436479C247CD4F4B751E0,6
Table_6,303424DEFC55F14BA43B746A,6
Table_6,6.67E+23,6
Table_6,303436479C247C94F4B75069,6
Table_6,303436479C247E94F4B75032,6
Table_6,3034032F3C40794BA43B741C,6
Table_6,30343639F80E430BA43B763B,6
Table_6,303436479C247F14F4B75198,6
Table_6,303402662C1A4300000B9BBB,6
Table_6,3034032F4854C6CBA43B74E7,6
Table_6,30343639F8185DD04CE5A1FE,6
Table_6,30343639F81A7F904CE5A3DE,6
Table_6,303436479C247DD4F4B7501A,6
Table_6,303436479C247E14F4B750AE,6
Table_6,3034032F3C4048CBA43B7406,6
Table_6,303436479C247C14F4B75115,6
Table_6,303402662C1A4280000B9BC8,6
Table_6,30343639F8185DD04CE5A836,6
Table_6,303436479C247DD4F4B7500B,6
Table_6,303570B5F429B30000061B04,6
Table_6,30343639F80E418BA43B7434,6
Table_6,3034032F4854C50BA43B742D,6
Table_6,303402662C1A4380000B9BA8,6
Table_6,3034032F4854C5CBA43B7473,6
Table_6,303436479C247E14F4B74FB8,6
Table_6,303424DEFC0296CBA43B75B9,6
Table_6,3034032F4854C5CBA43B7480,6
Table_7,30343623EC49808BA43B7428,6
Table_7,303402662C127BD04CE5B804,6
Table_7,303402662C127B504CE5C1E3,6
Table_7,303424DEFC453C504CE604A0,6
Table_7,30343623EC498212A0EBAB80,6
Table_7,303402662C127BD04CE5AFAF,6
Table_7,303402662C10F6104CE5915F,6
Table_7,3034032F483B56D04CE5A7A3,6
Table_7,7.78E+23,6
Table_7,303436479C20B3104CE5A2FB,6
Table_8,3034032F441836000007A410,0
Table_8,3034032F441835D2A0F00F02,0
Table_8,3034032F441837000007A9C0,0
Table_8,3034032F441836800007A3E8,0
Table_8,3034032F441C37C0000004C6,0
Table_8,3034032F441C3680000F5779,0
Table_8,3034032F441C37800007A3D1,0
Table_8,3034032F44186D4001C9CD60,0
Table_8,3034032F440D9B00000F4595,0
Table_8,30343639F8047F40000B98D4,0
Table_8,30343639F8047E92A0E705D9,0
Table_8,30343639F8047E40000B9D9A,0
Table_8,30343639F8047F80000B994E,0
Table_8,30343639F8047EC0000B9940,0
Table_8,30343639F8047F00000F42AA,0
Table_8,3034360DA0494C400007A6A3,0
Table_8,30343639F8048000000B993A,0
Table_8,3034032F445B0A00000B9900,0
Table_8,3034032F445B0A40000B98FB,0
Table_8,3034032F445B0AC00007A335,0
Table_8,3034032F445B0B40000B992F,0
Table_8,3034032F445B0B40000B992D,0
Table_8,3034032F440D9B80000F56EE,0
Table_8,3034032F440D8EC0000B9D89,0
Table_8,30343639F80A4A504CE5B486,0
Table_8,30343623EC602C904CE5C101,0
Table_8,303424DEFC488880000F4459,0
Table_8,30343639F80A2E000007A5A2,0
Table_8,30343639F80A2DD04CE5B487,0
Table_8,30343639F8582C904CE63A04,0
Table_8,3034360DA016CF0BA43B744B,0
Table_8,30343639F80A2E504CE59CFA,0
Table_8,30343639F80A2E504CE5A231,0
Table_8,3034032F445B0A92A0F98ED0,0
Table_8,30361E43D402DCC000061B4B,0
Table_8,30343623EC5F31504CE57CAB,0
Table_8,303424DEFC488880000B9E06,0
Table_8,3034032F445B0B12A0F98ED2,0
Table_8,3034032F445B0BC0000B9DB2,0
Table_8,3034032F445B0B52A0F98ED3,0
Table_8,3034032F445B0BC0000F42A4,0
Table_8,3034032F445B0B52A0F98ED4,0
Table_8,30343639F8047E80000B9954,0
Table_8,3034360DA045F412A0EDB0CE,0
Table_8,303424DEFC488880000F443B,0
Table_8,6.67E+23,0
Table_8,30343639F8582D40000B9E08,0
Table_8,303424DEFC488880000F4437,0
Table_8,30343639F80A49D04CE5B483,0
Table_8,30343639F8582C904CE63A05,0
Table_8,303570B5F429B30000061B04,0
Table_8,30361E43D402B4C000000004,0
Table_8,30341FD8B056D7C000030D65,0
Table_8,30343639F8582D40000F4443,0
Table_8,3034360DA045F5C0000B9ABC,0
Table_8,3034026620317680000B9C1B,0
Table_8,3034032F445B0B12A0F98ED1,0
Table_8,30340266203184904CE63A06,0
Table_8,3034032F441835800007A3E4,0
Table_8,3034032F441835D2A0F00F05,0
Table_8,3034032F44183500000B9DD9,0
Table_8,30341FD8B02EC700000186A4,0
Table_8,3034032F441836800007A3EB,0
Table_8,3034032F44183540000B9D8D,0
Table_8,3034032F445B0B52A0EDEF00,0
Table_8,30361E43B02D0340000186B6,0
Table_8,30343639F8048000000B98D7,0
Table_8,30343639F8047FC0000B993E,0
Table_8,30343639F8047F40000F56F3,0
Table_8,30341FD8B056D1C0000186AD,0
Table_8,30340266203184C0000F4253,0
Table_8,3034032F441C3692A0ECC96F,0
Table_8,30343639F8047F40000B9DBA,0
Table_8,30343639F8047F40000F42B6,0
Table_8,3034032F441C3680002DC72E,0
Table_8,30343639F8047F40000F42B3,0
Table_8,3034026620318600000F424C,0
Table_8,30340266203175904CE59C3A,0
Table_8,303417FD5406F8400004941F,0
Table_8,3034032F445B1000000F4295,0
Table_8,3034032F445B0A92A0F98ECC,0
Table_8,3034026620318840000B9AA0,0
Table_8,30340266203187000007A566,0
Table_8,3034026620318500000F4422,0
Table_8,303417FD5406F08000018748,0
Table_8,3034360DA045F640000B9ABD,0
Table_8,3034026620318840000B9A9F,0
Table_8,3034032F441836800007A3EA,0
Table_8,3034032F441837000007A3C8,0
Table_8,30341FD8B02EC3C0000186A2,0
Table_8,3034032F440D8ED2A0F26CE1,0
Table_8,3034032F440D8ED2A0F2BF41,0
Table_8,3034032F440D9B800007AA19,0
Table_8,3034360DA0518E504CE5A03F,0
Table_8,3034032F440D8ED2A0E6D8E7,0
Table_8,3034360DA0517AD04CE618DA,0
Table_8,3034360DA05191D04CE5A046,0
Table_8,3034361D281746C0000F432F,0
Table_8,3034361D281747400007A41F,0
Table_8,30343639F8556DC00007A494,0
Table_8,3034032F441C36C00007A9DF,0
Table_8,30343639F8556FC0000B9DFD,0
Table_8,3034032F441C37400007A3DB,0
Table_8,3034026620214B104CE59C00,0
Table_8,3034032F441C36C00007A9C7,0
Table_8,3034361D28174640000F4329,0
Table_8,30343639F8556DD04CE57C22,0
Table_8,3034032F44186D000007AA1E,0
Table_8,3034026620318380000F4252,0
Table_8,3034032F44186D4001C9CD63,0
Table_9,30340266202C194BA43B743E,4
Table_9,30340266202C194BA43B743F,4
Table_9,30340266202C19CBA43B7463,4
Table_9,30340266202C25CBA43B7438,4
Table_9,30340266202C268BA43B7458,4
Table_9,3034360DA024EF4BA43B742A,4
Table_9,3034360DA025EF4BA43B7427,4
Table_9,3034360DA025EF4BA43B742E,4
Table_9,3034360DA025EFCBA43B743D,4
Table_9,3034360DA025F0CBA43B7421,4
Table_9,3034360DA025F1CBA43B7441,4
Table_9,3034360DA025F1CBA43B746A,4
Table_9,303402662034520BA43B743A,4
Table_9,303402662034620BA43B744A,4
Table_9,303402662034658DF8B227C0,4
Table_9,303402662034648BA43B7528,4
Table_9,303402662034638DF8B227C0,4
Table_9,303402662034620BA43B744B,4
Table_9,303402662034DC8BA43B746F,4
Table_9,303417FDC4003DC000000048,4
Table_9,303402662034DB8BA43B74AA,4
Table_9,303402662033CB8BA43B7468,4
Table_9,3034032F44186D000007AA1E,4
Table_9,303424DEFC4882D04CE5A37F,4
Table_9,30343639F80B0C40000F564C,4
Table_9,30343639F80B0C80000F564E,4
Table_9,30343639F80B0CC0000F564F,4
Table_9,3034032F441837000007A9C0,4
Table_9,3034032F44183540000B9D8D,4
Table_9,3034360DA0494C40000F45CE,4
Table_9,303424DEFC487CD04CE5A5FA,4
Table_9,303424DEFC487D504CE5A9BA,4
Table_9,303424DEFC487D504CE59ED2,4
Table_9,303424DEFC4882D04CE59FF8,4
Table_9,303424DEFC4882D04CE5A380,4
Table_9,301424DEFC487805407C3DBE,4
Table_10,303424DEFC4AB8504CE5752B,0
Table_10,3034360DA001C14DF8B227C0,0
Table_10,3034360DA001C10DF8B227C0,0
Table_10,3034360DA001C14DF8B227C1,0
Table_10,3034032F3C124DC0002DC74D,0
Table_10,30341FD8982EE14000061B68,0
Table_11,3034032F444A940BA43B7400,0
Table_11,3034032F444A960BA43B7423,0
Table_11,3034032F444A7CCBA43B740B,0
Table_11,3034032F444A810BA43B744B,0
Table_11,3034032F444A970BA43B759B,0
Table_11,3034032F444A7DCBA43B75B3,0
Table_11,3034032F444A8C8BA43B75EB,0
Table_11,3034032F444A95CBA43B75BE,0
Table_11,303436479C16028BA43B7412,0
Table_11,3034032F444A948BA43B7585,0
Table_11,3034032F444A974BA43B7406,0
Table_11,6.67E+23,0
Table_11,3034032F444A8C8BA43B75EE,0
Table_12_13,3034360DA0494C400007A6A2,9
Table_12_13,303436479C552D104CE5BE8A,9
Table_12_13,303436479C552BD04CE62AF9,9
Table_12_13,30343639F85533D04CE596A7,9
Table_12_13,303436479C0A1AD04CE5BE22,9
Table_12_13,303436479C0A1B104CE635B2,9
Table_12_13,303436479C552D104CE5A109,9
Table_12_13,303424DEFC4AB8504CE5752B,9
Table_12_13,303436479C552B904CE635BC,9
Table_12_13,303436479C54ECD04CE5DFB3,9
Table_12_13,303424DEFC4AB80000000822,9
Table_12_13,303436479C54ED104CE5BE17,9
Table_12_13,303424DEFC4AB8D04CE5754D,9
Table_12_13,303424DEFC4AB8D04CE5754E,9
Table_12_13,1.11E+23,9
Table_12_13,303436479C54ED104CE5BE19,9
Table_12_13,3034032F4025C0C0000F4619,9
Table_12_13,303436479C552D104CE5BE88,9
Table_12_13,303436479C552D904CE5BE96,9
Table_12_13,303424DEFC4AC4504CE5B779,9
Table_12_13,303436479C54ED504CE5F094,9
Table_12_13,303424DEFC4AB8C000000826,9
Table_12_13,30343623EC5423C0000F45F3,9
Table_12_13,3034032F40295140000B9E35,9
Table_12_13,303436479C54EED04CE57A30,9
Table_12_13,303436479C54ECD04CE5BE27,9
Table_12_13,3034032F40295140000B9E36,9
Table_12_13,303436479C54EE904CE5A7BA,9
Table_12_13,303424DEFC4AB8D04CE5BE61,9
Table_12_13,303436479C54ED504CE5F096,9
Table_12_13,303436479C0A1A904CE5BE3E,9
Table_12_13,303436479C54EF00000B9E6A,9
Table_12_13,303436479C54ED800007AA95,9
Table_12_13,303436479C54EF00000B9E6B,9
Table_12_13,303436479C0A1A504CE5A7C7,9
Table_12_13,30343623EC5422C0000F5719,9
Table_12_13,303436479C54EED04CE5B74C,9
Table_12_13,303436479C54ED104CE5BD40,9
Table_12_13,3034032F402595504CE62DF6,9
Table_12_13,303436479C552D504CE5D4AF,9
Table_12_13,303436479C552BD04CE62AF5,9
Table_12_13,303436479C0A1AC00007A6D2,9
Table_12_13,303436479C54ED104CE5BD3C,9
Table_12_13,3034032F402951104CE5AFE7,9
Table_12_13,303436479C0A1A904CE5D091,9
Table_12_13,303436479C0A1AC00007AA98,9
Table_12_13,303436479C552D104CE5B76D,9
Table_12_13,303436479C54ED104CE5BD3D,9
Table_12_13,303436479C0A1AC00007A6CE,9
Table_12_13,303424DEFC4AB8104CE57542,9
Table_12_13,3034360DA0477D904CE5753F,9
Table_12_13,30343639F85535104CE5AFEA,9
Table_12_13,303436479C0A1AC00007A6D5,9
Table_12_13,303436479C0A1AD04CE5BE21,9
Table_12_13,303436479C54EE504CE5B743,9
Table_12_13,303436479C54ECD04CE5DFB2,9
Table_12(R of T12 & front),303436479C20F9504CE570E1,9
Table_12(R of T12 & front),30343623EC50BA80000F4C0B,9
Table_12(R of T12 & front),303436479C20FCD04CE57100,9
Table_12(R of T12 & front),303436479C20F8D04CE570CC,9
Table_12(R of T12 & front),303436479C20FA104CE570E6,9
Table_12(R of T12 & front),303436479C20F9104CE570C0,9
Table_12(R of T12 & front),303436479C20F9504CE570DD,9
Table_12(R of T12 & front),303436479C20F8D04CE570CF,9
Table_12(R of T12 & front),303436479C20FD104CE5683D,9
Table_12(R of T12 & front),30343639F85F3E104CE5A6DC,9
Table_12(R of T12 & front),303436479C20FD104CE56849,9
Table_12(R of T12 & front),303436479C20FA104CE570E9,9
Table_12(R of T12 & front),3BE100C57B9693B500018759,9
Table_12(R of T12 & front),303436479C20F8D04CE570CD,9
Table_12(R of T12 & front),303436479C20F9104CE570C8,9
Table_12(R of T12 & front),303436479C20FA104CE570E7,9
Table_12(R of T12 & front),3034032F440D3FCBA43B7407,9
Table_12(R of T12 & front),303436479C20FD104CE56840,9
Table_12(R of T12 & front),303436479C20FD104CE5684A,9
Table_12(R of T12 & front),303436479C20FA104CE570EA,9
Table_12(R of T12 & front),30343639F85F3E104CE5A6DD,9
Table_12(R of T12 & front),303436479C20F9504CE570DC,9
Table_12(R of T12 & front),30343621785215800007A5D2,9
Table_12(R of T12 & front),303436479C552D104CE5B76D,9
Table_12(R of T12 & front),1.11E+23,9
Table_14,3034032F441BF9504CE59D1A,8
Table_14,30343623EC004D904CE5BEB2,8
Table_14,30343639F81A3E000007A615,8
Table_14,30341FD8B425AC800000005A,8
Table_14,30343623EC4E1E104CE5C1A4,8
Table_14,30343623EC004DD04CE5B7A5,8
Table_14,30343623EC5C7494F4B78174,8
Table_14,303424DEFC55DD92A0F9A1AC,8
Table_14,3034032F443BBB504CE5B7AF,8
Table_14,3034032F441ED694F4B750B6,8
Table_14,30343623EC5C7714F4B7788E,8
Table_14,30343639F81A3E800007A616,8
Table_14,3034032F3C36094BA43B741B,8
Table_14,3034032F441ECDD04CE59BDA,8
Table_14,3034032F3C360CCBA43B7506,8
Table_14,30343623EC004D800007A5D3,8
Table_14,30343639F858C5104CE5A6FD,8
Table_14,3034032F443BBB504CE5B7B1,8
Table_14,303402662C1A4280000B9BCF,8
Table_14,30343639F81A3C00000F453A,8
Table_14,30343623EC004D80000F44D0,8
Table_14,3034032F442112D4F4B74FBC,8
Table_14,30343621785215800007A5D2,8
Table_14,3034032F443BBB504CE5B7B0,8
Table_14,30343623EC5CA894F4B75E40,8
Table_14,30343623EC5CA794F4B75638,8
Table_14,30343621785215800007A5CF,8
Table_14,30341FD8B41182C000000058,8
Table_14,30343623EC5CAC14F4B750B9,8
Table_14,30343639F81A3C400007A70C,8
Table_14,30343623EC004DC0000F57C3,8
Table_14,30343623EC004E40000F4C44,8
Table_14,30343623EC004D904CE5C939,8
Table_14,3034032F443BBBD04CE614CA,8
Table_14,3034032F44211054F4B75205,8
Table_14,3034360DA00ACA504CE6188F,8
Table_14,30343623EC5CA894F4B75E2E,8
Table_14,3034032F443BBB904CE5D4BA,8
Table_14,303402662C31F2D04CE5A79D,8
Table_14,3034032F441ED794F4B75098,8
Table_14,3034032F441ED794F4B75043,8
Table_14,303402662C31F1504CE5A0D2,8
Table_14,30343623EC5C954BA43B7524,8
Table_14,303402662C1A4300000B9BBD,8
Table_14,303402662C1A4380000B9BA7,8
Table_14,303402662C3A5F904CE5A6FE,8
Rack_1,3034360DA00B1C4BA43B7486,0
Rack_1,3034360DA00B1D8BA43B7458,0
Rack_1,3034360DA00B198BA43B7447,0
Rack_1,3034360DA00B1ECBA43B7498,0
Rack_1,3034360DA00B214BA43B746F,0
Rack_1,3034360DA00B1A8BA43B7445,0
Rack_2,303436479C5C4B904CE5A33D,0
Rack_4,3034032F3C35CB4BA43B7465,0
Rack_4,3034032F3C35C6CBA43B74C4,0
Rack_4,3034032F3C35B74BA43B7485,0
Rack_4,3034032F485C540BA43B749E,0
Rack_4,3034032F3C35C6CBA43B7445,0
Rack_4,3034032F3C407E8BA43B7539,0
Rack_4,303424DEFC55F14BA43B7462,0
Rack_4,3034032F3C4A4E4BA43B74E7,0
Rack_5,30343639F8058D00002DC73D,0
Rack_5,30343639F8058D904CE59C62,0
Rack_5,30343639F8058D00000F5787,0
Rack_5,30343639F8058BC0002DC731,0
Rack_5,30343639F8058D104CE59BD6,0
Rack_5,30343639F8058CD04CE57C02,0
Rack_5,30343639F8058BD04CE57BFD,0
Rack_5,3034361D284B91104CE63142,0
Rack_5,3034032F4419CE504CE62B0D,0
Rack_5,3034032F4419CE504CE62B0C,0
Rack_5,3034032F441DA9904CE63137,0
Rack_5,3034032F4419CDD04CE5BA5D,0
Rack_5,3034032F401656D04CE57089,0
Rack_5,3034032F4419CDD04CE62B0F,0
Rack_5,3034032F3C4F12904CE61F51,0
Rack_5,3034032F3C4A1E504CE620D7,0
Rack_5,3034032F403BB3D04CE61F52,0
Rack_5,303424DEFC0E98104CE61F54,0
Rack_5,30343639F8049452A0E6D882,0
Rack_5,30343639F8049412A0E6D880,0
Rack_6,"303436479C5BE3104CE59FD9,1",0
Rack_6,"3034360DA00259D2A0F00E72,3",0
Rack_7,"30343639F80B17904CE61225,4",0
Rack_7,"30343639F80DD9CBA43B748D,7",0
Rack_7,"30343639F80DD94BA43B7427,4",0
Rack_7,"30343639F80DDA4BA43B75F2,3",0
Rack_7,"30343639F80DDB8BA43B75A2,3",0
Rack_7,"30343639F80DDACBA43B74F6,3",0
Rack_7,"30343639F80DDC8BA43B761F,5",0
Rack_7,"30343639F800908BA43B79F1,1",0
Rack_7,"30343639F80DDBCBA43B778C,2",0
Rack_7,"30343639F80DDD4BA43B74BD,2",0
Rack_7,"30343639F80DDDCBA43B754B,1",0
Rack_7,"30343639F80B17504CE61229,1",0
Rack_7,"303424DEFC2C3DCBA43B740F,3",0
Rack_7,"303424DEFC2C3F0BA43B747D,4",0
Rack_7,"303424DEFC2C3FCBA43B7421,3",0
Rack_7,"303424DEFC2C400BA43B74E4,2",0
Rack_7,"303424DEFC55FC4BA43B7528,2",0
Rack_7,"3034360DA0052ACBA43B740D,1",0
Rack_7,"3034360DA0052D8BA43B7449,1",0
Rack_7,"30343639F8408D80000F57EB,2",0
Rack_7,"3034360DA0052A8BA43B7410,1",0
Rack_8,30343639F8057792A0EFABA3,0
Rack_8,30343639F8057752A0F00EA9,0
Rack_8,30343639F8057712A0F0D09B,0
Rack_8,3034032F40209C504CE5A6C5,0
Rack_8,3034032F4419AED04CE5C14B,0
Rack_8,3034032F4419AED04CE5C14A,0
Rack_8,3034032F40294A104CE5A927,0
Rack_8,3034026620318380000F425D,0
Rack_8,3034032F40294A504CE5A922,0
Rack_8,30343639F80A96D2A0E6DD5F,0
Rack_8,3034360DA0356A904CE6125A,0
Rack_8,3034032F441DEA904CE604E3,0
Rack_8,3034032F441DEA104CE63985,0
Rack_8,3034032F403B98104CE63986,0
Rack_9,30343639F85843D04CE5DB04,0
Rack_9,30343639F8047F00000F42AD,0
Rack_9,E28011606000020497BBA139,0
Rack_9,3034360DA05B5A904CE5EF2E,0
Rack_9,3034360DA04678104CE5A5D8,0
Rack_9,3034032F3C2756C0000F57A5,0
Rack_9,3034360DA00493104CE58AEA,0
Rack_9,30361E43D402DCC000061B4B,0
Rack_9,30343639F8556ED04CE56574,0
Rack_9,303417FD4C171140000186DF,0
Rack_9,30361D2398256480000186DB,0
Rack_9,3034026620214AD04CE5B21E,0
Rack_10(Belt),3034032F402C2B904CE5A2D2,0
Rack_10(Belt),3034032F402D22504CE5A2E5,0
Rack_10(Belt),303436479C5C4B904CE5A33F,0
Rack_10(Belt),303402662C0305104CE59D0E,0
Rack_10(Belt),3034032F402D21504CE5A2E0,0
Rack_10(Belt),303436479C20AFD04CE59F68,0
Rack_10(Belt),303402662C02FD504CE5A1F0,0
Rack_10(Belt),303436479C5C4B504CE5A338,0
Rack_10(Belt),3034032F40427CD04CE5A6E6,0
Rack_10(Belt),3034032F402D22D04CE5A2EB,0
Rack_10(Belt),3034032F402B19904CE5A2CE,0
Rack_10(Belt),303436479C20B2D04CE5A2F8,0
Rack_10(Belt),3034032F40427CD04CE59B4B,0
Rack_10(Belt),3034032F402D22504CE5A2E3,0
Rack_10(Belt),3034032F402D22504CE5A2E4,0
Rack_10(Belt),30343623EC4E1E40000F56A7,0
Rack_10(Belt),303436479C5C4C504CE5A348,0
Rack_10(Belt),3034032F40184CD04CE568C9,0
Rack_11,3034032F440D3FCBA43B7407,0
Rack_11,3034032F3C123F00002DC74C,0
Rack_11,3034032F3C09700BA43B7407,0
Rack_11,3034032F3C25250BA43B7402,0
Rack_11,3034032F3C25250BA43B7413,0
Rack_11,3034032F3C25230BA43B7412,0
Rack_11,303436479C1604CBA43B7412,0
Rack_11,303436479C20AFD04CE59F9E,0
Rack_11,3034032F3C096FCBA43B740D,0
Rack_11,3034032F3C25254BA43B740D,0
Rack_11,30340173500A40C0002DC752,0
Rack_11,3034032F48496A0DF8B227C4,0
Rack_11,3034032F440D750BA43B740F,0
Rack_11,3034032F3C25230BA43B741A,0
Rack_11,30340173500A4000002DC753,0
Rack_11,30340173500A400001C9CD68,0
Rack_11,3034032F48496E0DF8B227C4,0
Rack_11,3034360DA001C14DF8B227C1,0
Rack_11,3034032F440D768BA43B7404,0
Rack_14,3034032F3C561DCBA43B740B,0
Rack_14,3034032F3C561D8BA43B7409,0
Rack_14,3034032F3C5620CBA43B741B,0
Rack_14,3034032F3C56210BA43B7412,0
Rack_14,3034032F3C561F8BA43B7409,0
Rack_14,3034032F3C561FCBA43B7407,0
Rack_14,3034032F3C561F4BA43B741D,0
Rack_15,303402662C51A0D04CE5A12A,0
Rack_15,3034032F40313A0BA43B7417,0
Rack_15,3034032F3C03E70BA43B7407,0
Rack_15,3034032F4031FBCBA43B7424,0
Rack_15,3034032F4031E50BA43B7408,0
Rack_15,3034032F444A8CCBA43B7415,0
Rack_15,3034032F40328C8BA43B742C,0
Rack_15,3034032F403C300BA43B7412,0
Rack_15,303402662C519D104CE5A0E0,0
Rack_15,303436479C1669CBA43B75DB,0
Rack_15,303436479C166ACBA43B7560,0
Rack_15,303402662C519FD04CE5A0DD,0
Rack_15,3034032F40328C8BA43B745B,0
Rack_15,3034032F403FB6CBA43B74B5,0
Rack_15,3034032F40350FCBA43B7425,0
Rack_15,3034032F40313DCBA43B743D,0
Rack_15,3034032F403FB6CBA43B74A9,0
Rack_15,3034032F4038954BA43B743D,0
Rack_15,3034032F4031488BA43B7444,0
Rack_15,3034032F403FB6CBA43B74CE,0
Rack_15,3034032F4035114BA43B7409,0
Rack_15,3034032F4038958BA43B7408,0
Rack_15,303402662C5251D04CE5A130,0
Rack_15,3034032F4038954BA43B7440,0
Rack_15,303402662C5251904CE5A12E,0
Rack_15,3034032F4031484BA43B744F,0
Rack_15,3034032F4035100BA43B7417,0
Rack_15,3034032F4033158BA43B7422,0
Rack_15,3034032F403FB6CBA43B74B6,0
Shelf_1,3034032F3C3A9014F4B74F90,2
Shelf_1,30343623EC51E7C0000F561E,2
Shelf_1,3034032F3C3A8F94F4B74FA9,2
Shelf_1,3034032F3C3AF354F4B751E1,2
Shelf_1,3034032F3C3A9154F4B74F68,2
Shelf_1,303424DEFC555A14F4B75115,2
Shelf_1,3034032F3C3A8FD4F4B7505B,2
Shelf_1,3034032F3C3A9094F4B74F8B,2
Shelf_1,3034032F3C3A8ED4F4B75057,2
Shelf_1,3034361D281744C0000B99B3,2
Shelf_1,3034032F3C3A8F14F4B74F44,2
Shelf_1,303424DEFC42BB80000F561F,2
Shelf_1,3034032F3C3A8F54F4B750E0,2
Shelf_1,3034032F3C3F9A94F4B750C3,2
Shelf_1,3034032F3C3F97CBA43B7412,2
Shelf_1,3034032F3C3A8BD4F4B74F58,2
Shelf_1,30343623EC51E7C0000F561D,2
Shelf_1,3034032F3C4B8DD4F4B7501B,2
Shelf_1,30343623EC51E4D4F4B750D7,2
Shelf_1,3034032F3C3A9094F4B74F89,2
Shelf_1,3034032F3C4FE494F4B750DA,2
Shelf_1,3034032F3C3A8F14F4B74F69,2
Shelf_1,3034032F3C4FE594F4B75000,2
Shelf_2,3034032F404D76504CE66431,2
Shelf_2,303436479C12B752A0F98EDB,2
Shelf_2,303436479C260CD04CE6338B,2
Shelf_2,303436479C1819104CE63396,2
Shelf_2,303436479C260C904CE63395,2
Shelf_2,3034361D281744C0000B99B3,2
Shelf_2,303436479C12B952A0F8547F,2
Shelf_2,3034032F404D76504CE66432,2
Shelf_2,303436479C12B952A0F8547D,2
Shelf_2,303436479C260C904CE63393,2
Shelf_2,3034360DA0495652A0F8902B,2
Shelf_2,303436479C12B9D2A0F85482,2
Shelf_2,3034032F402D3E92A0F7AF87,2
Shelf_2,303436479C260C904CE6338F,2
Shelf_2,303402662C5E174BA43B751A,2
Shelf_2,303436479C1819104CE6339A,2
Shelf_2,3034032F441837000007A9C0,2
Shelf_2,303436479C12B952A0F8547E,2
Shelf_2,303436479C260D104CE6339E,2
Shelf_2,303436479C12BB52A0F98EE1,2
Shelf_S4,30343623EC17F6104CE62173,2
Shelf_S4,30343623EC17F6104CE62174,2
Shelf_S4,303436479C52F8504CE62176,2
Shelf_S4,3034360DA03B34D04CE618CB,2
Shelf_S4,3034032F48030C104CE62749,2
Shelf_S4,3034032F48030BD04CE61E3A,2
Shelf_S4,303402662C5D74D04CE5A027,2
Shelf_S4,303402662C18EBD04CE5A00C,2
Shelf_S4,303402662C5D76504CE5A029,2
Shelf_S4,303402662C416FD04CE5A099,2
Shelf_S4,303402662C410C104CE5A08B,2
Shelf_S4,303402662C171F104CE5A078,2
Shelf_S4,303402662C16CD104CE5A01E,2
Shelf_S4,3034032F3C4F0C504CE5907B,2
Shelf_S4,3034032F403BB2904CE59082,2
Shelf_S4,30343639F8099CD04CE5EE59,2
Shelf_S4,30343639F8099CD04CE61F3D,2
Shelf_S4,30343639F8099D104CE5EE56,2
Shelf_S4,30343639F8099D104CE5EE57,2
Shelf_S4,30343639F8099CD04CE5EE5A,2
Shelf_S4,30343639F8099C904CE5EE5E,2
Shelf_S4,30343639F8099D104CE5C10A,2
Shelf_5,3034360DA03EF6CBA43B7466,6
Shelf_5,303402662031F00BA43B7497,6
Shelf_5,3034360DA03EFB8BA43B7463,6
Shelf_5,303402662C2346104CE5B812,6
Shelf_5,K666666666666666666660124,6
Shelf_5,303424DEFC56128BA43B7462,6
Shelf_5,303402662C1A42C0000B9BD1,6
Shelf_5,3034360DA03EFB8BA43B7461,6
Shelf_5,3034360DA02FDDCBA43B741F,6
Shelf_5,3034032F3C3C98CBA43B742F,6
Shelf_5,3034360DA03EF68BA43B74B5,6
Shelf_5,303402662031340BA43B746D,6
Shelf_5,303424DEFC55DF52A0F95332,6
Shelf_5,303402662C1A2900002DC7E1,6
Shelf_5,3034360DA03EF4CBA43B74E8,6
Shelf_5,3034360DA03EF68BA43B74B8,6
Shelf_5,303402662C3C4180000F5799,6
Shelf_5,3034032F40593052A0F98EEC,6
Shelf_5,303402662C1A29104CE5A4EE,6
Shelf_5,303424DEFC55DF52A0F95330,6
Shelf_5,303402662C1A29504CE5B509,6
Shelf_5,3034360DA03EF6CBA43B746D,6
Shelf_5,303402662032244BA43B74C7,6
Shelf_5,30343623EC4E1FC00007A974,6
Shelf_6,3034032F3C3C98CBA43B742F,6
Shelf_6,3034360DA036BB4BA43B75D6,6
Shelf_6,3034360DA03EFB8BA43B7463,6
Shelf_6,3034026620306C0BA43B7499,6
Shelf_6,3034360DA0381A4BA43B763E,6
Shelf_6,3034032F3C3B1A0BA43B746A,6
Shelf_6,30343639F855E18BA43B74BF,6
Shelf_6,3034032F3C3BBECBA43B742A,6
Shelf_6,30343623EC5218D04CE5AFD0,6
Shelf_6,3034032F3C3B454BA43B75F8,6
Shelf_6,3034360DA0045B8BA43B7432,6
Shelf_6,30343623EC4E1F904CE5C1AA,6
Shelf_6,303402662C0015D04CE5EE49,6
Shelf_6,303402662C1A2900002DC7E1,6
Shelf_6,3034360DA0045B4BA43B75CA,6
Shelf_6,30340266203655904CE5A7AC,6
Shelf_6,3034360DA036BB4BA43B76F3,6
Shelf_6,3034360DA0381D8BA43B74CE,6
Shelf_6,3034360DA03EFB4BA43B7473,6
Shelf_6,30343623EC521340000F5670,6
Shelf_6,30343623EC5219504CE6211C,6
Shelf_6,30343623EC4E1E104CE5A3E9,6
Shelf_6,3034032F3C3C968BA43B74B3,6
Shelf_6,303402662C0015C00000084C,6
Shelf_6,30343623EC4E1FC00007A974,6
Shelf_6,E28011606000020497BB48BB,6
Shelf_6,3034032F3C3BBF4BA43B74D8,6
Shelf_6,30343639F826FAC0000F5682,6
Shelf_6,K666666666666666666660125,6
Shelf_6,30343623EC521980000B9C72,6
Shelf_6,3034360DA0381C4BA43B745A,6
Shelf_6,3034360DA0381B8BA43B74C4,6
Shelf_6,30343623EC4980D4F4B751BF,6
Shelf_6,3034360DA036BC8BA43B7402,6
Shelf_6,30343623EC4E1F504CE5B816,6
Shelf_7,30343639F8185D904CE5A19E,6
Shelf_7,3034032F40256BD04CE5A186,6
Shelf_7,303402662C2346104CE5B812,6
Shelf_7,303402662C26C2D04CE5AFD5,6
Shelf_7,3034032F44429894F4B74F57,6
Shelf_7,3034032F3C3C98CBA43B742F,6
Shelf_7,3034361D281744C0000B99B3,6
Shelf_7,3034032F4020FD8BA43B75B4,6
Shelf_7,3034032F4020FC4BA43B7850,6
Shelf_7,3034032F4020FC4BA43B777F,6
Shelf_7,30343623EC4980D4F4B751BF,6
Shelf_7,3034032F4021054BA43B748C,6
Shelf_7,303402662C26C2D04CE5AFD6,6
Shelf_7,3034032F441DF412A0F9A1A9,6
Shelf_7,3034360DA017258BA43B7458,6
Shelf_7,3034360DA0172494F4B74F4C,6
Shelf_7,303436479C20B3104CE5A2FB,6
Shelf_7,303402662C26C2D04CE5AFD4,6
Shelf_7,30343623EC498200000B9CEC,6
Shelf_7,303402662C26C2D04CE5A84A,6
Shelf_7,K666666666666666666660176,6
Shelf_7,30343623EC498512A0E6DD47,6
Shelf_8,30343639F826A8104CE5AFB8,6
Shelf_8,30343623EC5EC140000F57C5,6
Shelf_8,30343639F826A8504CE5B7B7,6
Shelf_8,30343623EC5EC1504CE576DC,6
Shelf_8,30343639F826FB00000F567F,6
Shelf_8,3034032F44429894F4B74F57,6
Shelf_8,3034360DA01727D4F4B74F4C,6
Shelf_8,30343639F826A8504CE5C1E1,6
Shelf_8,30343639F826A8504CE5B7B5,6
Shelf_8,E28011606000020497BB98A6,6
Shelf_8,30343639F826FB80000F44EA,6
Shelf_8,30343623EC49808BA43B7428,6
Shelf_S9,30343639F8584200000F447C,1
Shelf_S9,30343639F85842904CE5659E,1
Shelf_S9,30343639F85842904CE565A0,1
Shelf_S9,30343639F85842D04CE5A4B8,1
Shelf_S9,30343639F85843504CE593AE,1
Shelf_S9,30343639F85843504CE593E3,1
Shelf_S9,3034360DA0112580000B9AE2,1
Shelf_S9,30343639F8584400000B9AE9,1
Shelf_S9,K666666666666666666660024,1
Shelf_S9,30343639F8582E104CE5882F,1
Shelf_S9,303424DEFC488880000F4439,1
Shelf_S9,30343639F8582E904CE58830,1
Shelf_S9,30343639F8584480000B9AD8,1
Shelf_S9,30343639F8584200000F4675,1
Shelf_S9,30343639F85829904CE58824,1
Shelf_S9,30343639F85843D04CE5DAFC,1
Shelf_S9,30343639F85843D04CE5DFDC,1
Shelf_S10,30340266201B8FD2A0E6DD2A,1
Shelf_S10,30340266201B9000000B9DFF,1
Shelf_S10,30340266201BAC12A0F07FA7,1
Shelf_S10,30340266201B9012A0EF3A99,1
Shelf_S10,30340266201BAB12A0E6DD2B,1
Shelf_S10,30361C885451414000000010,1
Shelf_S10,30340266201BAC12A0F07FA8,1
Shelf_S10,30340266201BAD12A0E6D926,1
Shelf_S10,3034360DA045EE12A0E6DA3F,1
Shelf_S10,3034360DA045EE00000B9DCB,1
Shelf_S10,3034360DA045F712A0E6DA4C,1
Shelf_S10,3034360DA045EE00000B98E7,1
Shelf_S10,3034360DA045EE52A0E6DB99,1
Shelf_S10,3034360DA045F5C0000B9DCD,1
Shelf_S10,3034360DA045F440000B9A9B,1
Shelf_S10,30340266201C0552A0E6DCFC,1
Shelf_S10,30340266201C8292A0EF3915,1
Shelf_S10,303417FD4859CBC000049430,1
Shelf_S10,30340266201C0580000B99FA,1
Shelf_S10,30340266201C8392A0E6DD05,1
Shelf_S10,30340266201C8340000F4387,1
Shelf_S10,3034360DA045F500000F4405,1
Shelf_S10,3034360DA045F512A0E6D9FF,1
Shelf_S10,3034360DA045F640000F4401,1
Shelf_S10,30361C885C11710000018735,1
Shelf_S10,3034360DA0461B00000B9ACC,1
Shelf_S10,3034360DA045F640000B9ABF,1
Shelf_S10,3034361D28174740000F46B3,1
Shelf_S11,3034360DA0518F504CE5A900,1
Shelf_S11,30343639F858B412A0E6D983,1
Shelf_S11,30361E43D4082840000B71D3,1
Shelf_S11,30343639F858B352A0F00F00,1
Shelf_S11,30343639F858B412A0E6D985,1
Shelf_S11,E28011606000020497BB714A,1
Shelf_S11,30343639F858B4D2A0E6D92F,1
Shelf_S11,30361E43D40824C00007A28B,1
Shelf_S11,3034360DA05190504CE58B98,1
Shelf_S11,30343639F858B580000B99C5,1
Shelf_S11,30361C886021624000049443,1
Shelf_S11,3034032F44189AD04CE58B50,1
Shelf_S11,3034360DA0517700000F57B9,1
Shelf_S11,3034032F444993104CE632F1,1
Shelf_S11,30343639F858AB40000F4322,1
Shelf_S11,30343639F858ACC0000B99E1,1
Shelf_S11,30343639F858ACC0000F4370,1
Shelf_S11,30343639F858ACC0000B99D1,1
Shelf_S11,3034361D281743D2A0E6D911,1
Shelf_S11,3034032F48092ED04CE63A0C,1
Shelf_S11,3034032F48093B504CE5A8BC,1
Shelf_S11,30343639F858ACC0000F4374,1
Shelf_S11,30361E43D0491D8000049438,1
Shelf_S11,30343639F85571000007A481,1
Shelf_S11,30343639F858B252A0EFBF92,1
Shelf_S12,3034360DA00493904CE63A0F,1
Shelf_S12,3034360DA0517580000B9A29,1
Shelf_S12,30361C886021624000049443,1
Shelf_S12,3034360DA05177504CE56B77,1
Shelf_S12,3034360DA0517700000F57B9,1
Shelf_S12,30340266201F9C80000B9A58,1
Shelf_S12,30340266201CA940000F43CD,1
Shelf_S12,30340266201F9A80000B9A4C,1
Shelf_S12,30340266201F9D400007A515,1
Shelf_S12,3034360DA05BCB00000B9A2F,1
Shelf_S12,30340266201FA100000F43EF,1
Shelf_S12,30340266201F9D400007A511,1
Shelf_S12,3034360DA05BCF92A0E6D963,1
Shelf_S12,3034360DA05BCE000007A4FF,1
Shelf_S13,303402662020F5104CE5A9AC,1
Shelf_S13,3034026620214AD04CE5B21D,1
Shelf_S13,3034360DA00493104CE59BF7,1
Shelf_S13,303402662020F5104CE5A9AB,1
Shelf_S13,3034026620214BD04CE58B73,1
Shelf_S13,3034026620214C904CE5DAA0,1
Shelf_S13,3034360DA0499EC0000B9A0C,1
Shelf_S13,3034026620214CD04CE58BD5,1
Shelf_S13,3034360DA03075904CE58BBB,1
Shelf_S13,3034361D28024BD04CE5A764,1
Shelf_S13,3034361D28024A904CE611B3,1
Shelf_S13,3034361D280247104CE59492,1
Shelf_S13,3034361D280248504CE59495,1
Shelf_S13,30340266201F9D400007A515,1
Shelf_S13,30340266201F9D400007A511,1
Shelf_S13,3034360DA04980D04CE5A4CB,1
Shelf_S13,3034026620214C104CE58BD4,1
Shelf_S13,30361C885C3496C00007A29C,1
Shelf_S13,3034360DA0499E00000F43B8,1
Shelf_S13,3034026620214C104CE58BD3,1
Shelf_S14,3034360DA05B59904CE63304,1
Shelf_S14,3034360DA05B59904CE63300,1
Shelf_S14,3034360DA05B59904CE63305,1
Shelf_S14,3034360DA04677C00007A50D,1
Shelf_S14,3034360DA04675D04CE59C70,1
Shelf_S14,3034360DA04677104CE59C73,1
Shelf_S14,3034360DA04677504CE5A50F,1
Shelf_S14,3034360DA0467740000B9A52,1
Shelf_S14,30361C885C1515C00007A2BA,1
Shelf_S14,3034360DA04677504CE569AA,1
Shelf_S14,3034360DA04677504CE5657D,1
Shelf_S14,3034360DA0467800000B9E11,1
Shelf_S14,3034360DA04677C0000B9A50,1
Shelf_S14,30361C885C1519C0000B720C,1
Shelf_S14,3034360DA04966D04CE63A10,1
Shelf_S14,3034360DA04678904CE59BFB,1
Shelf_S14,3034360DA0496640000F43F5,1
Shelf_S14,3034360DA04678C00007A51E,1
Shelf_S14,30361C885C3266C0000B7206,1
Shelf_S14,30361C885C151B80000B7205,1
Shelf_S14,3034360DA0496640000B9C91,1
Shelf_S14,30361C885C3266C00007A2BC,1
Shelf_S14,3034360DA04678D04CE5C180,1
Shelf_S14,3034360DA05B71904CE5EF37,1
Shelf_S14,3034360DA05B71D04CE5EF3A,1
Shelf_S14,3034360DA05B72104CE5EF30,1
Shelf_S14,3034360DA0496700000F430C,1
Shelf_S14,3034360DA0496700000B9C92,1
Shelf_S15,3034032F44423ED4F4B75B1C,3
Shelf_S15,30341FD8C04C8A4000000027,3
Shelf_S15,3034032F44423D54F4B75266,3
Shelf_S15,303402662C5E14CBA43B74A1,3
Shelf_S15,303402662C5F7B8BA43B7514,3
Shelf_S15,303402662C5E188BA43B755B,3
Shelf_S15,303402662C5E188BA43B7606,3
Shelf_S15,3034032F44423F54F4B75C69,3
Shelf_S15,3034032F44424094F4B7587A,3
Shelf_S15,3034032F44423F54F4B75D55,3
Shelf_S15,3034032F44423F54F4B75C6C,3
Shelf_S15,3034032F44423F14F4B75D85,3
Shelf_S15,3034032F44424014F4B76A24,3
Shelf_S15,3034032F44423FD4F4B761EF,3
Shelf_S15,303402662C5FFE0BA43B75AC,3
Shelf_S15,303402662C60614BA43B75EA,3
Shelf_S15,303402662C60620BA43B75C7,3
Shelf_S15,303402662C60EE8BA43B757B,3
Shelf_S15,303402662C60EDCBA43B7501,3
Shelf_S15,303402662C61A24BA43B74EC,3
Shelf_S15,3034032F44424494F4B755A8,3
Shelf_S15,3034032F444243D4F4B756D6,3
Shelf_S15,3034032F44424454F4B75C0E,3
Shelf_S15,303402662C60EE4BA43B7484,3
Shelf_S16,3034032F440009D4F4B7A816,3
Shelf_S16,3034032F44000B94F4B78D98,3
Shelf_S16,3034032F44000D54F4B80BAE,3
Shelf_S16,30341FD8A8007500000B7221,3
Shelf_S16,3034032F44000C14F4B7B010,3
Shelf_S16,30343639F80F960BA43B741F,3
Shelf_S16,30343639F80F93CBA43B74D4,3
Shelf_S16,30343639F80F954BA43B7416,3
Shelf_S16,3034032F44000ACBA43B8CE1,3
Shelf_S16,3034032F44000EC0000B9B96,3
Shelf_S16,3034032F440010D4F4B8589F,3
Shelf_S16,3034032F44001040000B9CBC,3
Shelf_S16,3034032F44000FC0000F4557,3
Shelf_S16,3034032F44000F54F4B794D2,3
Shelf_S16,3034032F440010D4F4B7AE3D,3
Shelf_S16,30343639F80F964BA43B7496,3
Shelf_S16,3034032F44000754F4B769D1,3
Shelf_S16,3034032F44001254F4B7E6BF,3
Shelf_S16,3034032F44001254F4B7E6A4,3
Shelf_S16,3034032F44001180000F4554,3
Shelf_S16,3034032F440007400007A627,3
Shelf_S16,3034032F44000814F4B7650E,3
Shelf_S16,3034032F44000814F4B776F7,3
Shelf_S16,3034032F44000494F4B756A3,3
Shelf_S17,3034032F4048754BA43B7447,3
Shelf_S17,3034032F405121CBA43B7419,3
Shelf_S17,3034032F4051220BA43B7423,3
Shelf_S17,3034032F405123CBA43B74FC,3
Shelf_S17,3034032F4058FB8BA43B7521,3
Shelf_S17,3034032F4051220BA43B7478,3
Shelf_S17,3034032F4058FB8BA43B749F,3
Shelf_S17,3034032F4058D50BA43B74AF,3
Shelf_S17,3034032F4058FBCBA43B741C,3
Shelf_S17,3034032F405123CBA43B742C,3
Shelf_S18,30343639F80F948BA43B742C,3
Shelf_S18,30343639F80F950BA43B750E,3
Shelf_S18,30343639F80F950BA43B7501,3
Shelf_S19,3034032F3C4CFF94F4B756A4,3
Shelf_S19,303402662C1D51D4F4B75370,3
Shelf_S19,303424DEFC00A48BA43B76BC,3
Shelf_S19,30343639F81A540BA43B7798,3
Shelf_S19,30343639F81A540BA43B7640,3
Shelf_S19,30343639F81A578BA43B7627,3
Shelf_S19,3034032F445E26CBA43B74FB,3
Shelf_S19,303402662C1D6C54F4B75B1F,3
Shelf_S19,303402662C1D6E94F4B753FF,3
Shelf_S19,303402662C1D6C54F4B757A0,3
Shelf_S19,3034032F3C3D5AD4F4B75C38,3
Shelf_S19,303402662C1D5214F4B757FC,3
Shelf_S19,303402662C1D6C54F4B75AAB,3
Shelf_S19,303402662C1D6CD4F4B7570F,3
Shelf_S19,303402662C1D6E54F4B75887,3
Shelf_S19,303417FDC4016E800004946A,3
Shelf_S19,303417FDC4014640000B7237,3
Shelf_S19,303402662C1D6FD4F4B75833,3
Shelf_S19,30343623EC612A80000F55C9,3
Shelf_S19,303402662C1D6E94F4B752D0,3
Shelf_S19,30343639F81A5ACBA43B7583,3
Shelf_S20,30343639F80DF60BA43B755E,3
Shelf_S20,30343639F80DF64BA43B7699,3
Shelf_S20,30343639F80DF60BA43B755C,3
Shelf_S20,3034032F445E2714F4B751BA,3
Shelf_S20,30341FD8CC3EA000000B722C,3
Shelf_S20,30341FD8CC3EA000000B722D,3
Shelf_S20,30343623EC6143CBA43B76E7,3
Shelf_S20,30343639F80DF8000007AAFE,3
Shelf_S20,30343639F80DF7CBA43B79C2,3
Shelf_S20,30343639F80DF84BA43B7546,3
Shelf_S20,30343639F80DF78BA43B784E,3
Shelf_S20,30341FD8CC3EA7C0000B7233,3
Shelf_S20,30341FD8CC3EB480000B7230,3
Shelf_S20,3034032F445E2854F4B75258,3
Shelf_S20,303402662C1D6CD4F4B759CB,3
Shelf_S20,3034032F445E27D4F4B751D8,3
Shelf_S20,30343639F81A2B80000B9CF1,3
Shelf_S20,30343639F80DF9CBA43B740A,3
Shelf_S20,30341FD8CC3EB14000000043,3
Shelf_S20,30341FD8CC3EAD000000003D,3
Shelf_S20,3034032F445E2894F4B751AD,3
Shelf_21,3034032F3C1285CBA43B78A4,10
Shelf_21,303436479C16068BA43B740E,10
Shelf_21,303402662C5A9C4BA43B7402,10
Shelf_21,303436479C16668BA43B74FF,10
Shelf_21,30343639F8362A0BA43B745C,10
Shelf_21,303402662C5C0F4BA43B7409,10
Shelf_21,3034032F40136E8BA43B7404,10
Shelf_21,303402662C0E154BA43B76A9,10
Shelf_21,303436479C1606CBA43B7410,10
Shelf_21,303402662C39B600002DC749,10
Shelf_21,3034032F4854B6CDF8B227C3,10
Shelf_21,303436479C16048BA43B7420,10
Shelf_21,K666666666666666666660129,10
Shelf_21,303402662C5C0F4BA43B7408,10
Shelf_21,3034032F40136E8BA43B7409,10
Shelf_21,K111111111111111111110324,10
Shelf_21,3034032F4849640DF8B227C1,10
Shelf_21,303402662C0E14CBA43B76BB,10
Shelf_21,3034032F4849644DF8B227C1,10
Shelf_21,3034032F3C03E50BA43B7442,10
Shelf_21,3034032F401DC88BA43B7415,10
Shelf_21,303436479C16080BA43B7402,10
Shelf_21,303402662C5C0F4BA43B7407,10
Shelf_21,3034032F3C12890BA43B7800,10
Shelf_21,K111111111111111111110323,10
Shelf_21,303436479C1604CBA43B7418,10
Shelf_21,3034032F401DF8CBA43B740A,10
Shelf_21,303402662C0E158BA43B7DA8,10
Shelf_21,303436479C1604CBA43B7412,10
Shelf_21,303436479C15E78BA43B7687,10
Shelf_21,303402662C0E150BA43B7AD8,10
Shelf_21,303402662C5C0F4BA43B7406,10
Shelf_21,3034032F3C123F00002DC74C,10
Shelf_21,30343639F8362B8BA43B74D4,10
Shelf_21,3034032F3C128794F4B74FBF,10
Shelf_21,303436479C15E78BA43B77A5,10
Shelf_21,303436479C16080BA43B7400,10
Shelf_21,30343639F836264BA43B7472,10
Shelf_21,3034032F3C123F00002DC74B,10
Shelf_21,3034032F3C12870BA43B7703,10
Shelf_21,3034032F3C124DC0002DC74D,10
Shelf_21,303436479C161B0BA43B741C,10
Shelf_21,30343639F836280BA43B7466,10
Shelf_21,303436479C16048BA43B7422,10
Shelf_21,303436479C15E60BA43B741A,10
Shelf_21,30343639F836280BA43B7465,10
Shelf_21,3034032F3C124DC0002DC74D,10
Shelf_21,3034032F3C12A20BA43B7ACC,10
Shelf_21,303402662C0E150BA43B7AD8,10
Shelf_21,303402662C5C0F4BA43B7406,10
Shelf_21,30343639F8362A0BA43B745C,10
Shelf_21,3034032F3C12864BA43B7758,10
Shelf_21,30343639F8362B8BA43B74D4,10
Shelf_21,3034032F3C12870BA43B7703,10
Shelf_21,30343639F836280BA43B7465,10
Shelf_21,303436479C15E78BA43B7687,10
Shelf_21,3034032F4854B6CDF8B227C3,10
Shelf_21,303402662C5C0F4BA43B7407,10
Shelf_21,3034032F401DC88BA43B7404,10
Shelf_21,3034032F3C128794F4B74FDE,10
Shelf_21,30343639F836280BA43B7466,10
Shelf_21,303436479C1606CBA43B7410,10
Shelf_21,303402662C0E158BA43B7DA7,10
Shelf_21,303436479C15E60BA43B741A,10
Shelf_21,303402662C39BFCBA43B7621,10
Shelf_21,303402662C5C0F4BA43B7409,10
Shelf_21,303402662C0E158BA43B7DA8,10
Shelf_21,303436479C16180BA43B7411,10
Shelf_21,3034032F3C12890BA43B7800,10
Shelf_21,303402662C0E14CBA43B76BB,10
Shelf_21,303436479C16068BA43B740E,10
Shelf_21,3034032F401DC88BA43B7415,10
Shelf_21,303436479C16668BA43B74FF,10
Shelf_21,3034032F3C12A20BA43B7AA3,10
Shelf_21,3034032F3C12868BA43B746A,10
Shelf_21,3034032F3C123F00002DC74B,10
Shelf_21,3034032F4849640DF8B227C1,10
Shelf_21,303402662C5A9C4BA43B7402,10
Shelf_21,303436479C16678BA43B77CD,10
Shelf_21,303436479C16048BA43B7420,10
Shelf_21,303436479C1604CBA43B7412,10
Shelf_21,3034032F3C12A20BA43B7AA4,10
Shelf_21,3034032F3C12A10BA43B7899,10
Shelf_21,3034032F3C123F00002DC74C,10
Shelf_21,303436479C15E78BA43B77A5,10
Shelf_21,3034032F3C12AD0BA43B7727,10
Shelf_21,3034032F3C1285CBA43B78A4,10
Shelf_21,303436479C16064BA43B740A,10
Shelf_21,303436479C16048BA43B7422,10
Shelf_21,303436479C161B0BA43B741C,10
Shelf_21,303402662C436A0BA43B7402,10
Shelf_21,30343639F836264BA43B7472,10
Shelf_21,3034032F401DF8CBA43B740A,10
Shelf_21,3034032F3C128794F4B74FBF,10
Shelf_21,303436479C16080BA43B7400,10
Shelf_21,3034032F40136E8BA43B7404,10
Shelf_21,K111111111111111111110323,10
Shelf_21,303402662C0E154BA43B76A9,10
Shelf_21,303436479C16080BA43B7402,10
Shelf_21,303436479C1604CBA43B7418,10
Shelf_21,K111111111111111111110324,10
Shelf_21,3034032F4849644DF8B227C1,10
Shelf_22,303436479C1604CBA43B7412,10
Shelf_22,3034032F3C12A10BA43B7899,10
Shelf_22,3034032F4854B6CDF8B227C1,10
Shelf_22,303402662C436A4BA43B7404,10
Shelf_22,303402662C576F0BA43B7409,10
Shelf_22,303402662C436A0BA43B7402,10
Shelf_22,303402662C576ECBA43B7424,10
Shelf_22,303402662C576E8BA43B743A,10
Shelf_22,303402662C57704BA43B740F,10
Shelf_22,3034032F4849644DF8B227C1,10
Shelf_22,3034032F3C12A20BA43B7AA4,10
Shelf_22,3034032F40136E8BA43B7404,10
Shelf_22,303402662C576F0BA43B7400,10
Shelf_22,303436479C15E60BA43B741A,10
Shelf_22,3034032F3C124DC0002DC74D,10
Shelf_22,303436479C16080BA43B7402,10
Shelf_22,303402662C57708BA43B7414,10
Shelf_22,303402662C5771CBA43B741E,10
Shelf_22,K111111111111111111110324,10
Shelf_22,303402662C576F4BA43B7400,10
Shelf_22,K111111111111111111110316,10
Shelf_22,303402662C576ECBA43B7419,10
Shelf_22,303402662C576F4BA43B740D,10
Shelf_22,3034032F3C123F00002DC74C,10
Shelf_22,3034032F4854B6CDF8B227C3,10
Shelf_22,30343639F836280BA43B7466,10
Shelf_22,303402662C436A0BA43B740E,10
Shelf_23,3034032F3C03E50BA43B7442,10
Shelf_23,3034032F3C03E50BA43B7415,10
Shelf_23,3034032F3C03EECBA43B7412,10
Shelf_23,3034032F3C03E70BA43B7407,10
Shelf_23,3034032F3C03E50BA43B7443,10
Shelf_23,3034032F3C03E40BA43B741A,10
Shelf_23,3034032F3C03E54BA43B7414,10
Shelf_23,3034032F3C03EECBA43B740F,10
Shelf_23,3034032F3C03E40BA43B7419,10
Shelf_23,3034032F3C03E74BA43B7417,10
Shelf_23,3034032F3C03E50BA43B7424,10
Shelf_23,3034032F3C03EF0BA43B7411,10
Shelf_24,3034032F3C0D730BA43B7410,10
Shelf_24,3034032F3C0C5ACBA43B7440,10
Shelf_24,3034032F3C0C5ACBA43B7441,10
Shelf_24,3034032F3C0C5A8BA43B7490,10
Shelf_24,3034032F3C0C5ACBA43B7442,10
Shelf_24,3034032F3C0C5A8BA43B7491,10
Shelf_24,3034032F3C0D730BA43B740D,10
Shelf_24,3034032F3C0C5ACBA43B7444,10
Shelf_24,303402662C436A0BA43B7402,10
Shelf_25,303436479C165E4BA43B75D4,10
Shelf_25,303436479C165E0BA43B7912,10
Shelf_25,3034032F3C550B0BA43B7419,10
Shelf_25,303436479C16600BA43B7690,10
Shelf_25,303436479C165FCBA43B7795,10
Shelf_25,3034032F402ABDCBA43B7452,10
Shelf_25,K666666666666666666660129,10
Shelf_25,303436479C166ACBA43B7560,10
Shelf_25,303436479C165E0BA43B790E,10
Shelf_25,303436479C16614BA43B771F,10
Shelf_25,303424DEFC1AF0C000000450,10
Shelf_25,303436479C165D0BA43B7560,10
Shelf_25,3034032F3C0D730BA43B740D,10
Shelf_25,303424DEFC1AF080000F573D,10
Shelf_25,303424DEFC1AF0000007AAEF,10
Shelf_25,303436479C16600BA43B77F0,10
Shelf_25,3034032F3C0C5ACBA43B7441,10
Shelf_25,303436479C16600BA43B7691,10
Shelf_25,303436479C165E4BA43B75D3,10
Shelf_25,303424DEFC1AF0C000000451,10
Shelf_25,3034032F3C12A14BA43B7451,10
Shelf_26,303436479C1656CBA43B7679,10
Shelf_26,3034032F402BE4CBA43B7448,10
Shelf_26,3034032F402C23CBA43B7412,10
Shelf_26,3034032F402BE48BA43B7426,10
Shelf_26,3034032F444A95CBA43B75BE,10
Shelf_26,303424DEFC1AF0C000000450,10
Shelf_26,303436479C166B0BA43B7545,10
Shelf_26,303436479C16698BA43B7610,10
Shelf_26,303436479C16698BA43B75F0,10
Shelf_26,303436479C16538BA43B758C,10
Shelf_26,303436479C1669CBA43B75DB,10
Shelf_26,303436479C166ACBA43B7560,10
Shelf_26,3034032F402AD14BA43B740E,10
Shelf_26,303436479C1657CBA43B76DA,10
Shelf_26,303436479C16568BA43B7825,10
Shelf_26,3034032F402BE4CBA43B744B,10
Shelf_26,303436479C1654CBA43B7562,10
Shelf_26,303436479C1669CBA43B75D5,10
Shelf_26,303436479C15F38BA43B748D,10
Shelf_26,303436479C1657CBA43B76DF,10
Shelf_26,303436479C16548BA43B78B7,10
Shelf_26,3034032F402ABDCBA43B7456,10
Shelf_26,3034032F402BE4CBA43B7438,10
Shelf_26,303436479C16580BA43B75DE,10
Shelf_26,303436479C15ED4BA43B7448,10
Shelf_26,3034032F402AC1CBA43B7414,10
Shelf_26,303436479C15F04BA43B7495,10
Shelf_26,303424DEFC1AF0000007AAEF,10
Shelf_26,303424DEFC1AF000000F5735,10
Shelf_26,303436479C15F1CBA43B76D1,10
Shelf_26,3034032F402ABDCBA43B7455,10
Shelf_26,3034032F402BE4CBA43B7437,10
Shelf_26,K111111111111111111110322,10
Shelf_26,303436479C16568BA43B7823,10
Shelf_26,3034032F40299BCBA43B7404,10
Shelf_26,303436479C16028BA43B7412,10
Shelf_26,3034032F402AB78BA43B7411,10
Shelf_26,3034032F402BE4CBA43B7449,10
Shelf_26,303424DEFC1AF0C000000451,10
Shelf_26,303436479C16580BA43B75E4,10
Shelf_26,3034032F402AB78BA43B7409,10
Shelf_26,303436479C16698BA43B75F1,10
Shelf_26,3034032F444A960BA43B7423,10
Shelf_27,3034032F40614014F4B75EE5,9
Shelf_27,3034032F403F0E0BA43B78B7,9
Shelf_27,30343639F81F990BA43B7D26,9
Shelf_27,30343623EC50B54BA43B75DC,9
Shelf_27,30343623EC50B74BA43B7A41,9
Shelf_27,30341FD8A45DA400000B72C7,9
Shelf_27,3034032F3C2DDACBA43B8621,9
Shelf_27,30343639F81FA04BA43B781F,9
Shelf_27,30361D67581A0A400007A16B,9
Shelf_27,3034032F40610754F4B7567A,9
Shelf_27,303424DEFC00A3CBA43B80F3,9
Shelf_27,30343639F81FA28BA43B7451,9
Shelf_27,30343623EC50B70BA43B740C,9
Shelf_27,3034032F40614014F4B75E81,9
Shelf_27,30343623EC50B9000007A61C,9
Shelf_27,3034032F40611CD4F4B766D2,9
Shelf_27,3034360DA0162880000B9CFA,9
Shelf_27,3034032F40614094F4B76097,9
Shelf_27,K111111111111111111110329,9
Shelf_27,3034032F40613E54F4B76333,9
Shelf_27,30341FD8982EEAC000061B6B,9
Shelf_27,30361D67581A088000061AB2,9
Shelf_27,30343639F81F984BA43B740F,9
Shelf_27,303424DEFC00A3CBA43B849B,9
Shelf_27,3034032F40614094F4B76019,9
Shelf_27,3034032F40614094F4B7623C,9
Shelf_27,30361D67581A044000061AB1,9
Shelf_27,30343639F81FA28BA43B7934,9
Shelf_27,30343623EC50BB00000F4C07,9
Shelf_27,30343623EC50B54BA43B75F4,9
Shelf_27,3034032F40613E54F4B7652C,9
Shelf_27,30343623EC50B80BA43B7989,9
Shelf_27,30343639F81F9F4BA43B7742,9
Shelf_27,3034032F40613DD4F4B75C31,9
Shelf_27,3034032F403F0C4BA43B7C2F,9
Shelf_27,303424DEFC00A3CBA43B84A7,9
Shelf_27,30343623EC50BA80000F4C0B,9
Shelf_27,3034032F40614014F4B75E91,9
Shelf_27,30343623EC50B80BA43B799A,9
Shelf_27,30343623EC50B80BA43B7982,9
Shelf_27,3034032F403F0E904CE61246,9
Shelf_28,3034032F40457B54F4B76DC0,9
Shelf_28,3034032F40457B94F4B767CA,9
Shelf_28,3034032F3C37FCCBA43B74E3,9
Shelf_28,30341FD8A45DAD40000B72C8,9
Shelf_28,3034032F3C37FBCBA43B74FF,9
Shelf_28,3034032F4020F88BA43B75A1,9
Shelf_28,303424DEFC00A3CBA43B84A7,9
Shelf_28,30341FD8982EEAC000061B6A,9
Shelf_28,30361D675819D8C00007A157,9
Shelf_28,30341FD8A45DA400000B72C6,9
Shelf_28,3034032F4043A04BA43B81E4,9
Shelf_28,3034032F4020FB4BA43B765E,9
Shelf_28,3034032F4020F88BA43B761B,9
Shelf_28,3034032F3C37FB4BA43B7469,9
Shelf_28,3034032F4020F88BA43B7711,9
Shelf_28,3034032F3C3090CBA43B79D2,9
Shelf_28,3034032F3C37FCCBA43B74E7,9
Shelf_28,3034032F3C37FCCBA43B7479,9
Shelf_28,3034032F40457B94F4B76717,9
Shelf_28,3034032F4020F88BA43B761E,9
Shelf_28,3034032F3C37FBCBA43B74CB,9
Shelf_28,3034032F40613E94F4B75EFC,9
Shelf_28,3034032F40613CD4F4B76423,9
Shelf_28,K666666666666666666660214,9
Shelf_28,30343639F81F984BA43B740F,9
Shelf_28,3034032F3C37FCCBA43B749C,9
Shelf_29,30341FD8984E058000061B7F,9
Shelf_29,30341FD8984EB84000061B83,9
Shelf_29,30341FD898346080000493F2,9
Shelf_29,30343639F85ECE4BA43B7438,9
Shelf_29,3034032F44168794F4B75064,9
Shelf_29,3034032F40472D94F4B76A3F,9
Shelf_29,3034032F4046D00BA43B890B,9
Shelf_29,3034032F403F48CBA43B787F,9
Shelf_29,3034032F40457B54F4B76DC0,9
Shelf_29,30343623EC50B580000B9CF8,9
Shelf_29,30341FD8984EB84000061B85,9
Shelf_29,30341FD8984ED2C0000493F5,9
Shelf_29,3034032F40457BD4F4B77F5B,9
Shelf_29,3034032F44168854F4B75011,9
Shelf_29,3034032F44168A14F4B75008,9
Shelf_29,3034032F40611594F4B75CD9,9
Shelf_29,30341FD89851410000061B75,9
Shelf_29,30341FD8984ED2C0000493F6,9
Shelf_29,3034032F44168794F4B75081,9
Shelf_29,30341FD8982EDA800007A142,9
Shelf_29,3034032F44168954F4B74F5B,9
Shelf_29,3034032F44168794F4B74F80,9
Shelf_29,3034032F4042B7CBA43B78AC,9
Shelf_29,3034032F4046D194F4B764D9,9
Shelf_29,3034032F44167FD4F4B750C4,9
Shelf_29,3034032F4042788BA43B8143,9
Shelf_29,3034032F3C3090CBA43B79D2,9
Shelf_29,3034032F404729D4F4B76DD4,9
Shelf_29,30341FD898347000000493ED,9
Shelf_29,3034032F40457C14F4B7692D,9
Shelf_29,3034032F44168014F4B74F51,9
Shelf_29,3034032F4046D194F4B76505,9
Shelf_29,3034032F44168814F4B75000,9
Shelf_29,3034032F4043A04BA43B81E9,9
Shelf_29,3034032F3C30918BA43B8E51,9
Shelf_29,3034032F40472D94F4B76A30,9
Shelf_29,3034032F44168914F4B74F43,9
Shelf_29,3034032F40457B94F4B767CA,9
Shelf_29,3034032F40457E14F4B772DE,9
Shelf_29,30341FD89C1889800007A139,9
Shelf_29,3034032F4046D194F4B764F7,9
Shelf_29,3034032F4042B70BA43B816F,9
Shelf_29,3034032F44168814F4B74F50,9
Shelf_29,30341FD89C0B54000007A2FF,9
Shelf_29,3034032F4046D014F4B76B02,9
Shelf_29,3034032F4046D1D4F4B768DC,9
Shelf_29,30341FD89851508000061B77,9
Shelf_29,30341FD8982EEAC000061B6A,9
Shelf_29,3034032F40611594F4B75CD1,9
Shelf_29,30341FD8984E058000061B80,9
Shelf_29,3034032F403F49904CE61A19,9
Shelf_29,3034032F4042B84BA43B776C,9
Shelf_29,3034032F404276CBA43B825E,9
Shelf_29,30341FD89851524000061B7A,9
Shelf_29,3034032F404279C0000B9CC0,9
Shelf_29,3034032F4042654BA43B7595,9
Shelf_29,30341FD8984E058000061B81,9
Shelf_29,30341FD89851524000061B7B,9
Shelf_29,3034032F3C30918BA43B8F18,9
Shelf_29,3034032F40457B54F4B76D59,9
Shelf_29,30341FD8984EB84000061A96,9
Shelf_29,3034032F44168ACBA43B7415,9
Shelf_29,30341FD8982EE14000061B68,9
Shelf_29,30341FD8984ED2C00007A2F8,9
Shelf_29,3034032F4042B70BA43B7E53,9
Shelf_29,3034032F44168914F4B751F4,9
Shelf_29,3034032F4042654BA43B759F,9
Shelf_29,30341FD8984EB84000061B82,9
Shelf_29,3034032F44168794F4B75063,9
Shelf_29,30341FD8984EC540000B72A3,9
Shelf_29,30341FD8984E0580000493E0,9
Shelf_29,3034032F44168A94F4B74F53,9
Shelf_29,30341FD8984ED2C00007A2F9,9
Shelf_29,3034032F40457B94F4B76717,9
Shelf_29,3034032F44168814F4B74F48,9
Shelf_29,3034032F404729D4F4B76D87,9
Shelf_30,30343639F85EC78BA43B749E,9
Shelf_30,30343639F85ED0C0000F5668,9
Shelf_30,30341FD8984EB84000061B85,9
Shelf_30,30343639F85ECE40000F5667,9
Shelf_30,30361E43D444D9C0000493F4,9
Shelf_30,30343639F85ECC80000F5652,9
Shelf_30,30343639F85EC900000B9CC6,9
Shelf_30,30343639F85ECEC0000F5669,9
Shelf_30,30343639F85ECE4BA43B7438,9
Shelf_30,30343639F85EC58BA43B74AE,9
Shelf_30,30343639F85EC900000B9CC7,9
Shelf_30,30341FD8984EB84000061A96,9
Shelf_30,30343639F85EC580000F567A,9
Shelf_30,30343639F85EC78BA43B74B7,9
Shelf_30,30343639F85EC78BA43B749D,9
Shelf_30,3034032F44168794F4B75081,9
Shelf_30,K666666666666666666660011,9
Shelf_30,303424DEFC0D9D8BA43B746D,9
Shelf_31,30343623EC5CAD0BA43B7ACE,8
Shelf_31,30343623EC5C7F54F4B76995,8
Shelf_31,30343623EC5CA94BA43B8715,8
Shelf_31,30343623EC5C77D4F4B763E4,8
Shelf_31,3034360DA00B00D4F4B74FCF,8
Shelf_31,30343623EC5CB054F4B75F0C,8
Shelf_31,30343623EC5C77D4F4B763A2,8
Shelf_31,30343623EC5C8014F4B76A97,8
Shelf_31,30343623EC5C7BD4F4B776DF,8
Shelf_31,30343623EC5CAA14F4B75781,8
Shelf_31,30343623EC5C970BA43BB5CB,8
Shelf_31,30343623EC5C7A94F4B75DF0,8
Shelf_31,30343623EC5C8054F4B78282,8
Shelf_31,30343623EC5C7714F4B77AFD,8
Shelf_31,3034360DA00AC88BA43B7457,8
Shelf_31,30343623EC5CB080000F560E,8
Shelf_31,30343623EC5CAA4BA43B7651,8
Shelf_31,30343623EC5C7894F4B76BB9,8
Shelf_31,30343623EC5C964BA43B8BE6,8
Shelf_31,3034360DA00AE8D4F4B75066,8
Shelf_31,30343623EC5C978BA43B7AA3,8
Shelf_31,30343623EC5CAB94F4B7534B,8
Shelf_31,30343623EC5CAE94F4B76743,8
Shelf_31,30343623EC5C98CBA43B7442,8
Shelf_31,30343623EC5C7E14F4B787DB,8
Shelf_31,30343623EC5C764BA43B8EAA,8
Shelf_31,30343623EC5CA794F4B7566F,8
Shelf_31,30343623EC5C950BA43B7D85,8
Shelf_31,30343623EC5CA80BA43B743F,8
Shelf_31,30343623EC5C7854F4B7B00B,8
Shelf_31,30343623EC5C950BA43B7D28,8
Shelf_31,30343623EC5CA8CBA43B748B,8
Shelf_31,30343623EC5C7A94F4B75DF2,8
Shelf_31,30343623EC5CA8CBA43B7480,8
Shelf_31,30343623EC5C7914F4B76F90,8
Shelf_31,30343623EC5C7854F4B7AE67,8
Shelf_32,30343623EC5C7A54F4B777A9,8
Shelf_32,3034360DA00B00D4F4B74F9E,8
Shelf_32,3034360DA00B0694F4B74FAE,8
Shelf_32,3034360DA00B0814F4B74FDE,8
Shelf_32,3034360DA00B00D4F4B74FDE,8
Shelf_32,30343621786199CBA43B7D8C,8
Shelf_32,3034360DA00B0354F4B7502D,8
Shelf_32,30343623EC5C964BA43B8BE6,8
Shelf_32,30343623EC004E40000F4C44,8
Shelf_32,30343621786199CBA43B7A62,8
Shelf_32,3034360DA00ADFD4F4B74F97,8
Shelf_32,3034360DA00B0054F4B75227,8
Shelf_32,3034360DA00B0014F4B74F72,8
Shelf_32,3034360DA00B06D4F4B74F6B,8
Shelf_32,30343623EC5C7A14F4B799B0,8
Shelf_32,3034360DA00B00D4F4B74F85,8
Shelf_32,30343623EC5CA90BA43B774E,8
Shelf_32,3034360DA00AE5D4F4B74FC2,8
Shelf_32,3034360DA00AE014F4B74FA4,8
Shelf_32,303436217861988BA43B7A22,8
Shelf_32,30343623EC5CA80BA43B743F,8
Shelf_33,3034032F4852DAD4F4B74F63,8
Shelf_33,3034032F4852DBD4F4B750D0,8
Shelf_33,30343623EC0360D4F4B75037,8
Shelf_33,3034032F4852DD14F4B74F92,8
Shelf_33,3034032F44063C0BA43B7590,8
Shelf_33,30343623EC035E54F4B75347,8
Shelf_33,30343621786196C0000F5603,8
Shelf_33,3034032F4852DB94F4B74F89,8
Shelf_33,30343623EC036214F4B7512C,8
Shelf_33,30343623EC036154F4B75360,8
Shelf_33,30361E43B42ADB000004946F,8
Shelf_33,30343623EC035EC00007A71F,8
Shelf_33,30343623EC036054F4B75039,8
Shelf_33,3034032F4852DB94F4B74F88,8
Shelf_33,3034032F4852E1D4F4B74FC7,8
Shelf_33,30343623EC035F14F4B7505C,8
Shelf_33,30343639F80E0CC0000B9B7D,8
Shelf_33,30343639F80E0D80000B9B86,8
Shelf_33,30343639F855E5D4F4B74F93,8
Shelf_33,30343623EC035E14F4B75357,8
Shelf_33,30343623EC035E14F4B75513,8
Shelf_33,303436217860DD8BA43B7A11,8
Shelf_33,30343621786198C0000F55FB,8
Shelf_33,30343623EC0360D4F4B75020,8
Shelf_33,3034032F4852DAD4F4B74F93,8
Shelf_33,30343623EC035E54F4B752A7,8
Shelf_33,30343639F855E5D4F4B7505C,8
Shelf_33,30343623EC035CD4F4B74FA0,8
Shelf_33,3034032F4852DE54F4B74FD7,8
Shelf_33,303436217861998BA43B79D2,8
Shelf_33,30343621786195C0000F5609,8
Shelf_33,3034032F44063D4BA43B7925,8
Shelf_33,3034032F4852DD14F4B74FB3,8
Shelf_33,30343623EC035FD4F4B75774,8
Shelf_33,3034362178619A0BA43B7741,8
Shelf_34,30343639F81A35800007A714,8
Shelf_34,30343639F80E0F80002DC713,8
Shelf_34,30343639F81A3C40000F453D,8
Shelf_34,30361E43B8430A00000B7247,8
Shelf_34,3034032F3C36094BA43B7412,8
Shelf_34,3034032F3C36298BA43B7538,8
Shelf_34,30343639F855E44BA43B7757,8
Shelf_34,3034032F3C360A4BA43B7417,8
Shelf_34,30343623EC036054F4B75039,8
Shelf_34,30343623EC035E14F4B754F5,8
Shelf_34,3034032F3C360E4BA43B757B,8
Shelf_34,30343639F80E0BC0002DC6F2,8
Shelf_34,30343639F80E0E00000B9B8B,8
Shelf_35,3034032F44061C8BA43B7404,8
Shelf_35,30343639F81A3C40000F453C,8
Shelf_35,30343623EC4F5954F4B7526E,8
Shelf_35,3034360DA0494C400007A6A2,8
Shelf_35,30343623EC455B14F4B753B6,8
Shelf_35,30343623EC4F5C54F4B752E8,8
Shelf_35,30343623EC4F5A00000F5619,8
Shelf_35,30343639F80E0E00000B9B8B,8
Shelf_35,30343623EC455D94F4B75311,8
Shelf_35,30343623EC4F5980000F561A,8
Shelf_35,30343623EC4F5C54F4B752CB,8
Shelf_35,30343623EC4F5E94F4B75923,8
Shelf_35,30343623EC455A14F4B7525E,8
Shelf_35,30343623EC455A14F4B75303,8
Shelf_35,30341FD8982EEAC000061B6B,8
Shelf_35,3034032F3C52944BA43B7479,8
Shelf_35,30343623EC455C54F4B74FAA,8
Shelf_35,30343623EC4F5D54F4B754B7,8
Shelf_35,30343623EC456194F4B75266,8
Shelf_35,30343623EC456054F4B7512E,8
Shelf_35,30343623EC4F5C94F4B75617,8
Shelf_35,30343623EC4F5980000F4C04,8
Shelf_35,30343623EC456454F4B750B4,8
Shelf_35,30343623EC4F5A40000F5618,8
Shelf_35,30343623EC4F5C54F4B7522C,8
Shelf_35,30343623EC455E4BA43B7432,8
Shelf_35,30343623EC4F5B94F4B7572B,8
Shelf_35,30343623EC51E3D4F4B7509B,8
Shelf_35,30343623EC4F5B94F4B75910,8
Shelf_35,30343623EC4F5E94F4B75927,8
Shelf_35,30343623EC4F5E94F4B7593F,8
Shelf_35,30343623EC4F5C94F4B75615,8
Shelf_35,30343623EC4F5AC0000B9CE5,8
Shelf_35,30343639F81A3A000007A708,8
Shelf_35,30343639F80E364BA43B751A,8
Shelf_35,30343623EC456114F4B75290,8
Shelf_35,30343623EC455A14F4B752FF,8
Shelf_35,30343623EC4F5B000007A723,8
Shelf_35,30343639F81A3A000007A610,8
Shelf_35,30343623EC4F5994F4B75021,8
Shelf_35,30343639F80E338BA43B7426,8
Shelf_35,30343623EC4559D4F4B74F6C,8
Shelf_35,30343623EC455914F4B74F5C,8
Shelf_35,30343623EC455F54F4B75286,8
Shelf_35,3034032F44234C54F4B755AB,8
Shelf_36,30343639F80E35CBA43B75EA,8
Shelf_36,30343639F80E344BA43B763F,8
Shelf_36,30343639F80E364BA43B751A,8
Shelf_36,30343639F80E344BA43B750B,8
Shelf_36,30343639F80E370BA43B74D0,8
Shelf_36,3034032F44234E94F4B750F1,8
Shelf_36,30343639F80E35CBA43B7559,8
Shelf_36,30341FD8982EEAC000061B6B,8
Shelf_36,30343639F80E3754F4B750D6,8
Shelf_36,30343639F80E344BA43B7494,8
Shelf_36,30343639F80E3794F4B75006,8
Shelf_36,30343639F80E370BA43B7431,8
Shelf_36,30343639F8001C4BA43B7404,8
Shelf_36,30343623EC4F5AC0000B9CE5,8
Shelf_36,30343639F80E338BA43B7426,8
